{
  "generated_from": {
    "predictions": "/home/claude/repo/collector/../data/predictions/*.json",
    "results": "/home/claude/repo/collector/../data/results/*.json"
  },
  "data_status": {
    "days": [
      "2026-07-19"
    ],
    "num_races_total": 35,
    "num_races_with_result": 35,
    "results_are_demo": true,
    "warnings": []
  },
  "axis1_honmei": {
    "n_races": 35,
    "win_rate": 0.22857142857142856,
    "place_rate": 0.5142857142857142,
    "rentai_rate": 0.45714285714285713,
    "avg_finish": 3.2857142857142856,
    "honmei_avg_market_rank": 2.0285714285714285,
    "top2_any_place_rate": 0.6571428571428571,
    "top3_any_place_rate": 0.8571428571428571
  },
  "axis2_vs_market": {
    "mean_rho_model": 0.5764830820071863,
    "mean_rho_market": 0.7136486671062868,
    "rho_edge": -0.13716558509910048,
    "mean_agreement_spearman": 0.7933999999999998,
    "split_races": {
      "n": 16,
      "honmei_beats_favorite": 3,
      "ties": 0,
      "honmei_win_share": 0.1875
    }
  },
  "axis3_edge": {
    "model_high(+2以上)": {
      "n_horses": 115,
      "win_rate": 0.008695652173913044,
      "place_rate": 0.08695652173913043,
      "tansho_roi": 0.10434782608695652,
      "roi_uses_confirmed_odds": true
    },
    "model_high(+1)": {
      "n_horses": 64,
      "win_rate": 0.046875,
      "place_rate": 0.140625,
      "tansho_roi": 0.609375,
      "roi_uses_confirmed_odds": true
    },
    "neutral(0)": {
      "n_horses": 113,
      "win_rate": 0.09734513274336283,
      "place_rate": 0.25663716814159293,
      "tansho_roi": 0.595575221238938,
      "roi_uses_confirmed_odds": true
    },
    "market_high(-1以下)": {
      "n_horses": 187,
      "win_rate": 0.10695187165775401,
      "place_rate": 0.3048128342245989,
      "tansho_roi": 1.4042780748663102,
      "roi_uses_confirmed_odds": true
    }
  },
  "axis4_calibration": {
    "bins": [
      {
        "score_min": 0.0047,
        "score_max": 0.0204,
        "n": 96,
        "win_rate": 0.03125,
        "in3_rate": 0.07291666666666667
      },
      {
        "score_min": 0.0204,
        "score_max": 0.0367,
        "n": 96,
        "win_rate": 0.03125,
        "in3_rate": 0.08333333333333333
      },
      {
        "score_min": 0.0369,
        "score_max": 0.0695,
        "n": 96,
        "win_rate": 0.052083333333333336,
        "in3_rate": 0.20833333333333334
      },
      {
        "score_min": 0.0703,
        "score_max": 0.116,
        "n": 96,
        "win_rate": 0.08333333333333333,
        "in3_rate": 0.2604166666666667
      },
      {
        "score_min": 0.1166,
        "score_max": 0.4179,
        "n": 96,
        "win_rate": 0.16666666666666666,
        "in3_rate": 0.46875
      }
    ]
  },
  "segment_breakdown": {
    "by_segment": [
      {
        "key": "dirt1600",
        "n": 9,
        "win_rate": 0.0,
        "place_rate": 0.3333333333333333
      },
      {
        "key": "turf1200",
        "n": 8,
        "win_rate": 0.25,
        "place_rate": 0.5
      },
      {
        "key": "turf1600",
        "n": 7,
        "win_rate": 0.14285714285714285,
        "place_rate": 0.5714285714285714
      },
      {
        "key": "turf2000",
        "n": 6,
        "win_rate": 0.5,
        "place_rate": 0.6666666666666666
      },
      {
        "key": "dirt800",
        "n": 5,
        "win_rate": 0.4,
        "place_rate": 0.6
      }
    ],
    "by_jyo": [
      {
        "key": "函館",
        "n": 12,
        "win_rate": 0.25,
        "place_rate": 0.5833333333333334
      },
      {
        "key": "福島",
        "n": 12,
        "win_rate": 0.3333333333333333,
        "place_rate": 0.5833333333333334
      },
      {
        "key": "小倉",
        "n": 11,
        "win_rate": 0.09090909090909091,
        "place_rate": 0.36363636363636365
      }
    ]
  },
  "timeseries": [
    {
      "date": "2026-07-19",
      "n": 35,
      "win_rate": 0.22857142857142856,
      "place_rate": 0.5142857142857142
    }
  ]
}